<?xml version="1.0" encoding="UTF-8"?>
<project-private xmlns="http://www.netbeans.org/ns/project-private/1">
    <editor-bookmarks xmlns="http://www.netbeans.org/ns/editor-bookmarks/2" lastBookmarkId="0"/>
    <open-files xmlns="http://www.netbeans.org/ns/projectui-open-files/2">
        <group>
            <file>file:/C:/Users/Lee%20Boon%20Kong/Documents/NetBeansProjects/VendingMachineUpdatetoupload/src/vendingmachine/VendingMachine.java</file>
            <file>file:/C:/Users/Lee%20Boon%20Kong/Documents/NetBeansProjects/VendingMachineUpdatetoupload/src/vendingmachine/coin.java</file>
            <file>file:/C:/Users/Lee%20Boon%20Kong/Documents/NetBeansProjects/VendingMachineUpdatetoupload/src/vendingmachine/vmCustPanel.java</file>
            <file>file:/C:/Users/Lee%20Boon%20Kong/Documents/NetBeansProjects/VendingMachineUpdatetoupload/src/vendingmachine/vmMaintainerCP.java</file>
            <file>file:/C:/Users/Lee%20Boon%20Kong/Documents/NetBeansProjects/VendingMachineUpdatetoupload/src/vendingmachine/vmSimCP.java</file>
            <file>file:/C:/Users/Lee%20Boon%20Kong/Documents/NetBeansProjects/VendingMachineUpdatetoupload/src/vendingmachine/vmCustPanelEngine.java</file>
            <file>file:/C:/Users/Lee%20Boon%20Kong/Documents/NetBeansProjects/VendingMachineUpdatetoupload/src/vendingmachine/vmMachineryCP.java</file>
        </group>
    </open-files>
</project-private>
