<?xml version="1.0" encoding="UTF-8"?>
<project-private xmlns="http://www.netbeans.org/ns/project-private/1">
    <editor-bookmarks xmlns="http://www.netbeans.org/ns/editor-bookmarks/2" lastBookmarkId="0"/>
    <open-files xmlns="http://www.netbeans.org/ns/projectui-open-files/2">
        <group>
            <file>file:/D:/unimy/soft%20eng/VendingMachineUpdateV2(Adha)/VendingMachineUpdate/VendingMachineUpdate/src/vendingmachine/coin.java</file>
            <file>file:/D:/unimy/soft%20eng/VendingMachineUpdateV2(Adha)/VendingMachineUpdate/VendingMachineUpdate/src/vendingmachine/vmMachineryCP.java</file>
            <file>file:/D:/unimy/soft%20eng/VendingMachineUpdateV2(Adha)/VendingMachineUpdate/VendingMachineUpdate/src/vendingmachine/vmSimCP.java</file>
            <file>file:/D:/unimy/soft%20eng/VendingMachineUpdateV2(Adha)/VendingMachineUpdate/VendingMachineUpdate/src/vendingmachine/VendingMachine.java</file>
            <file>file:/D:/unimy/soft%20eng/VendingMachineUpdateV2(Adha)/VendingMachineUpdate/VendingMachineUpdate/src/vendingmachine/vmCustPanel.java</file>
            <file>file:/D:/unimy/soft%20eng/VendingMachineUpdateV2(Adha)/VendingMachineUpdate/VendingMachineUpdate/src/vendingmachine/vmMainCP.java</file>
            <file>file:/D:/unimy/soft%20eng/VendingMachineUpdateV2(Adha)/VendingMachineUpdate/VendingMachineUpdate/src/vendingmachine/engine.java</file>
        </group>
    </open-files>
</project-private>
